0.7092589419156339,FR1-FR3 AA mutation rate
0.6602484015848061,FR1 AA mutation rate
0.6314675925029813,CDR1 AAC-PSSM S
0.5918178186407925,CDR1 AAC-PSSM N
0.532177258701619,FR2 AAC-PSSM P
0.41461969052105213,FR2 AAC-PSSM L
0.270761148636473,FR3 AA mutation rate
0.25536773957706765,FR2 AAC-PSSM T
0.1891654046305482,CDR1 AAC-PSSM T
0.11775404671338977,Sum of CDR3 isoelectric point
0.11056548503651198,CDR3 AAC-PSSM I
0.1015431955290716,FR3 residue 25 isoelectric point
0.09818727093552898,FR3 residue 26 sheet probability
0.09517189536696902,FR3 residue 6 sheet probability
0.09081406613931992,FR3 residue 10 volume
0.08914089796301947,FR2 AAC-PSSM N
0.0886272366534091,CDR3 AAC-PSSM E
0.08777038288065149,CDR1-CDR3 AAC-PSSM Y
0.08428550717678124,FR3 AAC-PSSM Y
0.08209755638631518,CDR1-CDR3 AAC-PSSM G
0.08027921840730881,CDR1 residue 8 isoelectric point
0.07854719194780006,CDR1 AAC-PSSM A
0.07250982011229078,FR3 AAC-PSSM E
0.07245231024881577,CDR1 AAC-PSSM W
0.06830107624056221,CDR1-CDR3 AAC-PSSM H
0.06449318399001777,CDR1-CDR3 AAC-PSSM I
0.06430240890647283,Sum of CDR3 sheet probability
0.060487045654345546,FR2 AAC-PSSM D
0.05627030881719856,CDR1-CDR3 AAC-PSSM P
0.0558650112601501,CDR1-CDR3 AAC-PSSM W
0.05541020055542785,FR3 AAC-PSSM H
0.05236162129136174,CDR3 generate probability
0.049755884301976645,Mean of CDR3 isoelectric point
0.04850585855360768,FR2 AAC-PSSM G
0.04813469252656871,CDR2 residue 3 isoelectric point
0.047747140389992206,CDR3 AAC-PSSM W
0.04729252210129668,FR3 AAC-PSSM Q
0.046852356150618085,Sum of CDR3 steric parameter
0.04639574304656768,CDR3 residue 9 sheet probability
0.04542659353730339,FR2 AAC-PSSM A
0.043997800814912356,FR3 residue 18 isoelectric point
0.0432571221773273,CDR3 AAC-PSSM K
0.04265537363317201,FR3 residue 18 steric parameter
0.04179196273186267,FR2 AAC-PSSM S
0.04169882181778668,CDR2 AA mutation rate
0.0416922973878964,CDR1 AAC-PSSM H
0.04103307020809989,CDR2 residue 3 helix probability
0.04086802644808819,Sum of FR2 hydrophobicity
0.04069345466451548,CDR3 residue 19 hydrophobicity
0.03828534716395696,CDR3 residue 14 isoelectric point
0.03779753754362,FR2 AAC-PSSM C
0.03768045614413547,Mean of CDR1 volume
0.03765453127727715,CDR3 residue 9 hydrophobicity
0.03761140474643146,FR3 residue 25 steric parameter
0.037212857434102936,Sum of FR2 isoelectric point
0.03657531339837261,CDR2 residue 8 hydrophobicity
0.03571541087788435,FR3 residue 18 hydrophobicity
0.03554801686901169,FR3 residue 4 sheet probability
0.035227870369702846,FR3 residue 18 volume
0.034973287003428895,FR2 AA mutation rate
0.034948601172567664,FR2 AAC-PSSM K
0.03482134892795395,Sum of FR3 polarisability
0.03410723797500675,FR2 AAC-PSSM M
0.03389566368944128,Sum of CDR1 isoelectric point
0.03386605766507969,CDR1-CDR3 AAC-PSSM T
0.03381046149369192,Mean of CDR1 polarisability
0.033616204482754576,FR3 residue 4 isoelectric point
0.03346482331635424,Sum of CDR3 helix probability
0.03307154638044646,Sum of FR2 sheet probability
0.032619353090260324,CDR3 residue 4 volume
0.032467181241486835,CDR1 AA mutation rate
0.03149208267603326,FR2 AAC-PSSM H
0.03141079494722032,CDR3 AAC-PSSM D
0.031104904700511807,Sum of CDR3 volume
0.030597069944550238,FR2 residue 17 isoelectric point
0.03049156666185574,FR3 residue 3 polarisability
0.03001196973544304,FR3 AAC-PSSM L
0.02982949681598742,CDR3 residue 4 helix probability
0.029529712926393843,CDR3 AAC-PSSM T
0.02914524984084366,CDR3 residue 4 hydrophobicity
0.029141483272478414,CDR2 instability
0.028994854645163538,Sum of CDR3 polarisability
0.028756634752040627,CDR3 AAC-PSSM R
0.02863443426962381,FR3 residue 4 helix probability
0.028588742706663235,CDR3 residue 5 hydrophobicity
0.028517307414794153,CDR3 residue 8 hydrophobicity
0.028430572767944626,Sum of CDR2 isoelectric point
0.028344171130412023,CDR2 residue 6 isoelectric point
0.028319167634524557,CDR1-CDR3 AAC-PSSM A
0.028139938199689168,Mean of CDR1 isoelectric point
0.02800502563793896,Sum of CDR2 helix probability
0.027892010869669207,CDR2 AAC-PSSM I
0.02780222954242734,CDR3 instability
0.02763555451857276,FR2 AAC-PSSM I
0.02703390238358922,CDR3 residue 9 steric parameter
0.02682466930424105,CDR1-CDR3 AAC-PSSM K
0.02659123989337462,FR3 residue 6 steric parameter
0.026572629953161588,Sum of CDR3 hydrophobicity
0.02627842272580825,CDR3 AAC-PSSM L
0.02594102082977149,CDR3 AAC-PSSM V
0.025072217362276807,CDR1-CDR3 AAC-PSSM S
0.024879198734089555,CDR2 residue 4 isoelectric point
0.024802498528241124,CDR3 residue 12 hydrophobicity
0.024504493289512208,FR3 residue 22 volume
0.024283245722724188,CDR3 residue 5 isoelectric point
0.024114945894521504,CDR1 AAC-PSSM D
0.023866206551148107,CDR1-CDR3 AAC-PSSM C
0.023635014224964494,Sum of FR3 volume
0.023425394576809054,Sum of CDR2 hydrophobicity
0.023301582012965335,CDR1-CDR3 AAC-PSSM V
0.02269568555420024,CDR1 AAC-PSSM G
0.022320074431357226,FR3 residue 4 steric parameter
0.0221478288154438,CDR3 residue 15 isoelectric point
0.0221237252422334,Mean of CDR3 hydrophobicity
0.02208756260731584,Sum of FR2 helix probability
0.0219233616733803,FR3 AAC-PSSM D
0.02181006918680981,CDR1 residue 6 isoelectric point
0.021443943610720162,Sum of CDR1 sheet probability
0.021436536083353795,CDR1 AAC-PSSM P
0.020926631170794754,CDR1 AAC-PSSM C
0.020308738655588802,FR3 residue 18 sheet probability
0.020251555975170355,Mean of CDR2 helix probability
0.02007672282764557,Mean of CDR1 hydrophobicity
0.019584379179422226,FR2 AAC-PSSM V
0.01953937789687822,CDR3 AAC-PSSM A
0.019491441183265047,CDR3 residue 4 sheet probability
0.01943885532921153,CDR3 residue 16 isoelectric point
0.019083509969589685,Mean of CDR1 helix probability
0.019008718832686112,Mean of CDR1 sheet probability
0.018917185758278936,CDR2 residue 3 sheet probability
0.01889631330560225,FR3 AAC-PSSM V
0.01883063433036453,CDR3 residue 11 sheet probability
0.018582264350012558,FR2 residue 17 hydrophobicity
0.018477109045328184,Mean of CDR2 steric parameter
0.01836604725405333,CDR3 AAC-PSSM P
0.01819403753913122,Mean of FR3 helix probability
0.018023000186603952,CDR1 residue 8 hydrophobicity
0.01792238789884091,FR3 residue 21 helix probability
0.017920761080307202,CDR3 residue 16 helix probability
0.01768925686448798,CDR3 residue 8 helix probability
0.01761397753567094,CDR2 AAC-PSSM R
0.017549951673256275,CDR2 AAC-PSSM H
0.01753702396291916,CDR3 residue 10 hydrophobicity
0.017372209500629232,CDR2 residue 4 volume
0.01735050894426277,CDR2 residue 5 sheet probability
0.017276409663275424,CDR3 residue 3 hydrophobicity
0.01699715542101486,Sum of FR2 steric parameter
0.016979010270625768,CDR1-CDR3 AAC-PSSM N
0.01692619561827124,CDR1 instability
0.016909503702701806,Mean of CDR3 sheet probability
0.016869669987008534,CDR3 AAC-PSSM C
0.016656971083242014,FR2 residue 17 steric parameter
0.016563977793823563,FR3 AAC-PSSM K
0.016440412688652716,CDR2 AAC-PSSM C
0.016349878743716958,Mean of CDR1 steric parameter
0.016331170913198762,FR3 residue 5 volume
0.0162758375603618,Sum of FR2 polarisability
0.016120881587347514,CDR3 residue 11 isoelectric point
0.016064440146377885,Mean of FR2 sheet probability
0.01592462822719194,CDR2 AAC-PSSM P
0.015923841734867702,CDR2 AAC-PSSM W
0.015850687348228726,CDR3 AAC-PSSM N
0.01584075975715598,FR3 residue 21 steric parameter
0.015774498239180687,CDR3 AAC-PSSM S
0.015763425618667275,CDR3 residue 6 isoelectric point
0.01566441387758297,Mean of FR2 volume
0.015613733547162082,CDR2 residue 4 helix probability
0.015607698752905548,CDR1-CDR3 AAC-PSSM M
0.015347066524804115,FR2 residue 17 sheet probability
0.01522665067695269,Mean of FR3 sheet probability
0.015209511223894601,Mean of FR2 helix probability
0.015198068976616689,CDR3 residue 6 helix probability
0.015021172716713759,Mean of CDR3 volume
0.014755473574868137,Mean of CDR3 helix probability
0.01474513843012985,Sum of FR2 volume
0.014742560985730119,CDR2 residue 4 sheet probability
0.014719266296388932,Sum of FR3 sheet probability
0.01465779061700903,CDR3 residue 6 sheet probability
0.014635065928467932,FR3 residue 18 helix probability
0.014489177563725529,CDR2 residue 8 helix probability
0.01444344982094729,CDR1-CDR3 AAC-PSSM D
0.01440015149304491,CDR3 residue 5 volume
0.014266533079815904,Sum of FR3 steric parameter
0.013931633337095085,Mean of CDR3 polarisability
0.013865061036420658,CDR3 AAC-PSSM H
0.013820700843375581,Sum of FR3 hydrophobicity
0.013749227495432854,CDR3 residue 5 helix probability
0.013532338742517129,CDR2 residue 3 steric parameter
0.013504239893069894,FR3 AAC-PSSM A
0.013478671080170408,CDR2 residue 8 isoelectric point
0.013456020264938128,FR2 residue 2 steric parameter
0.013433813489055075,CDR2 AAC-PSSM Y
0.013425110470250948,Sum of CDR2 steric parameter
0.013416800721118602,Mean of FR3 hydrophobicity
0.013357619723597926,CDR2 residue 7 hydrophobicity
0.013355628502890802,Mean of CDR2 hydrophobicity
0.01330240608605312,CDR3 residue 11 helix probability
0.013261242422687888,CDR3 residue 5 sheet probability
0.013179460751213928,CDR3 residue 3 helix probability
0.013141910900189391,FR2 instability
0.013099047489294522,CDR2 residue 3 polarisability
0.013033381978925687,CDR2 AAC-PSSM A
0.013017643260617353,FR2 AAC-PSSM R
0.01299293072718693,CDR3 residue 14 sheet probability
0.012907078681571255,Sum of CDR2 volume
0.012848757841437155,CDR3 residue 7 hydrophobicity
0.012757284594368347,CDR3 residue 7 isoelectric point
0.012734567350675997,CDR1-CDR3 AAC-PSSM R
0.012639213445213352,FR2 residue 17 helix probability
0.012468874489342602,FR3 residue 6 isoelectric point
0.012453749308606142,FR3 AAC-PSSM M
0.012296926396180581,FR3 AAC-PSSM G
0.012263468754041593,FR3 residue 26 volume
0.012109733834459804,CDR3 residue 4 polarisability
0.011980377791387442,FR2 residue 17 volume
0.011919014279588289,Sum of CDR1 polarisability
0.011906690384121862,CDR2 residue 6 sheet probability
0.011840085094372236,Sum of CDR1 steric parameter
0.011728699118617736,FR3 residue 6 hydrophobicity
0.011720799282843634,CDR1 residue 6 hydrophobicity
0.011690033610732517,CDR3 residue 11 volume
0.011633357884948695,Sum of CDR1 volume
0.011565089818911425,FR2 residue 2 sheet probability
0.011520975227395685,CDR1 AAC-PSSM L
0.011439989486461855,CDR3 residue 13 volume
0.01138198011383984,Mean of FR2 isoelectric point
0.011363846594498867,FR3 residue 26 hydrophobicity
0.011335427136822174,Mean of FR3 polarisability
0.011259891819731624,Mean of CDR2 isoelectric point
0.011252942045335702,CDR2 residue 2 steric parameter
0.011242385981990415,CDR1 residue 6 steric parameter
0.011180720614001894,Mean of FR3 steric parameter
0.011118500213270958,CDR2 residue 3 hydrophobicity
0.011083024197908695,FR3 AAC-PSSM I
0.011046609403061153,Mean of CDR2 sheet probability
0.01104112153104186,FR2 residue 1 steric parameter
0.011007579668541686,FR3 residue 6 helix probability
0.01094818921178555,FR3 residue 3 hydrophobicity
0.010944408983822724,CDR2 AAC-PSSM V
0.010866120958740864,CDR1-CDR3 AAC-PSSM E
0.01085302130447289,CDR2 AAC-PSSM F
0.010697341190033537,CDR1 residue 8 helix probability
0.010586796096120095,FR2 residue 2 helix probability
0.010586697626304802,CDR1 residue 7 isoelectric point
0.010583999124105407,CDR1 residue 6 sheet probability
0.010549547813114861,CDR3 residue 15 helix probability
0.010534836958798165,FR3 AAC-PSSM S
0.010447262608763705,Mean of CDR2 volume
0.01044340053559104,CDR3 residue 19 sheet probability
0.01029555342421036,CDR1 AAC-PSSM Y
0.010276358889628653,CDR1-CDR3 AAC-PSSM Q
0.010252281310291335,CDR3 residue 14 volume
0.010233277779050592,CDR3 residue 16 hydrophobicity
0.01022093313849595,FR2 residue 7 volume
0.010198363406088371,Sum of FR3 isoelectric point
0.01018698113032359,CDR3 residue 14 helix probability
0.01017010447952167,CDR2 AAC-PSSM T
0.01010461559074162,CDR1-CDR3 AAC-PSSM F
0.010004871633707649,CDR3 AAC-PSSM M
0.009950646212146698,CDR3 residue 9 isoelectric point
0.009941290175412475,Mean of CDR3 steric parameter
0.009800056650955584,CDR2 residue 4 hydrophobicity
0.009793176483620493,CDR3 residue 6 volume
0.00979158773509102,CDR3 residue 16 polarisability
0.009727526384379964,CDR3 AAC-PSSM G
0.009660735083412602,Mean of FR3 volume
0.00957970329203877,CDR3 residue 9 volume
0.009439381209415093,CDR3 residue 11 hydrophobicity
0.009384062189852944,CDR3 AAC-PSSM F
0.009367175251146203,CDR3 AAC-PSSM Q
0.009298922722623238,CDR3 AAC-PSSM Y
0.009285689676074519,CDR3 residue 14 hydrophobicity
0.009255765560951536,CDR2 AAC-PSSM L
0.009157327873287845,FR3 residue 3 steric parameter
0.009146557875868351,CDR3 residue 16 volume
0.009145523610983145,CDR3 residue 10 helix probability
0.00912760383010202,Sum of CDR2 sheet probability
0.009042035394236415,FR3 residue 18 polarisability
0.009018986635888893,CDR1 AAC-PSSM M
0.008966383599743642,CDR3 residue 13 hydrophobicity
0.008929337602067893,CDR2 AAC-PSSM Q
0.008862952233987302,Sum of CDR2 polarisability
0.008854112283097352,CDR3 residue 15 sheet probability
0.008796038755301192,CDR2 residue 2 volume
0.008772901554594939,CDR3 residue 6 steric parameter
0.008750328783612194,FR3 residue 24 helix probability
0.008589807822963582,CDR3 residue 18 hydrophobicity
0.008565160672060687,CDR1 residue 8 sheet probability
0.008531439135789251,CDR3 residue 17 hydrophobicity
0.008369966982647522,CDR2 AAC-PSSM E
0.008282328376456835,FR2 residue 2 hydrophobicity
0.008239836317345949,CDR2 AAC-PSSM D
0.008235608635244319,FR3 residue 5 polarisability
0.008210011727782582,CDR2 residue 7 isoelectric point
0.00816225193872405,CDR3 residue 15 hydrophobicity
0.008027857046713006,FR3 residue 26 isoelectric point
0.007998724367393083,CDR3 residue 10 sheet probability
0.007921779872174487,Sum of FR3 helix probability
0.007890005319405874,Sum of CDR1 hydrophobicity
0.007845968946364919,Mean of FR3 isoelectric point
0.00782244803714899,CDR1 residue 3 polarisability
0.007765411057758095,FR3 residue 3 sheet probability
0.00776461248062227,FR2 AAC-PSSM W
0.007702495934861163,FR3 residue 21 sheet probability
0.007658364331426656,CDR2 residue 5 isoelectric point
0.0075329971023256285,FR3 instability
0.007508068437839175,CDR2 AAC-PSSM M
0.007487020831595783,CDR3 residue 5 steric parameter
0.007401759160484664,CDR3 residue 8 isoelectric point
0.007282162873577134,CDR2 residue 4 steric parameter
0.007266982860031794,CDR2 residue 2 helix probability
0.0072651717386476595,FR3 residue 1 isoelectric point
0.007231577400871258,CDR1 residue 6 volume
0.007163348892712683,FR3 residue 1 hydrophobicity
0.007152221365557971,CDR3 residue 3 volume
0.007027052295379587,CDR1 residue 7 volume
0.007019987369180699,CDR2 AAC-PSSM N
0.007006691700346519,CDR3 residue 11 steric parameter
0.006977530544377242,FR3 residue 22 polarisability
0.006969173826107299,CDR3 residue 4 isoelectric point
0.006893989065573038,Mean of CDR2 polarisability
0.006818933306762947,CDR3 residue 3 steric parameter
0.006806636185597931,CDR2 residue 2 hydrophobicity
0.006799701124735484,Sum of CDR1 helix probability
0.006758073251726662,FR3 residue 5 helix probability
0.006689289520584486,CDR3 residue 8 steric parameter
0.006602220052892017,FR2 residue 17 polarisability
0.006595108719514688,CDR1 residue 3 volume
0.006529741014417128,CDR3 residue 12 sheet probability
0.006525496674681649,FR3 residue 3 volume
0.006512427026583969,FR3 residue 16 sheet probability
0.006504947074870905,CDR2 residue 3 volume
0.0064706186235162924,Mean of FR2 polarisability
0.006368997068615373,CDR2 residue 7 sheet probability
0.006230319697040074,CDR2 residue 8 volume
0.006183906380334684,FR3 residue 14 helix probability
0.006070269665276698,CDR2 residue 6 hydrophobicity
0.006016630158537127,CDR3 residue 10 isoelectric point
0.006001443990326441,CDR2 AAC-PSSM S
0.0059810227325275515,CDR2 residue 6 helix probability
0.005892277510415656,FR3 AAC-PSSM R
0.005844398097511626,CDR2 residue 2 sheet probability
0.005836552634280616,FR3 residue 31 sheet probability
0.005828261589495207,CDR3 residue 12 isoelectric point
0.005805649702530182,FR2 AAC-PSSM F
0.005804556757695991,CDR3 residue 3 isoelectric point
0.005761320522846399,Mean of FR2 hydrophobicity
0.005717186271410683,FR2 residue 15 steric parameter
0.005710443444915372,Mean of FR2 steric parameter
0.005641517201447265,CDR2 residue 5 helix probability
0.005641106225470708,CDR3 residue 18 sheet probability
0.005595793682170413,CDR2 residue 7 volume
0.005582428739487448,CDR3 residue 7 sheet probability
0.0054707953260358134,CDR2 residue 4 polarisability
0.005436723467988645,FR3 residue 30 steric parameter
0.005416418259572796,FR3 AAC-PSSM N
0.005196068027052999,CDR3 residue 7 helix probability
0.00514207791725362,CDR3 residue 8 sheet probability
0.005136206132550858,CDR3 residue 18 steric parameter
0.005134619058242911,FR3 residue 25 volume
0.005101034640978873,FR2 residue 11 hydrophobicity
0.0050920199204681875,CDR3 residue 9 helix probability
0.005087914345034325,FR2 residue 1 isoelectric point
0.005080528715531643,CDR3 residue 6 hydrophobicity
0.005063636663116624,CDR2 residue 5 hydrophobicity
0.005054979137854992,CDR3 residue 3 sheet probability
0.005018450772747237,CDR3 residue 3 polarisability
0.004939521569087431,CDR3 residue 13 steric parameter
0.004937351925694904,CDR3 residue 4 steric parameter
0.00493625867503006,CDR3 residue 2 helix probability
0.004820428311278499,FR3 residue 10 steric parameter
0.004789662694389566,CDR2 residue 6 steric parameter
0.004755032550234914,CDR3 residue 6 polarisability
0.004746867268577583,CDR3 residue 13 helix probability
0.004734171952146238,FR2 residue 14 steric parameter
0.004728783386526425,CDR2 residue 2 polarisability
0.004718291182791927,CDR2 AAC-PSSM G
0.004669064994655977,FR3 residue 1 sheet probability
0.0046485280207262955,FR3 residue 14 hydrophobicity
0.004643655983133847,CDR2 AAC-PSSM K
0.004638208118641909,CDR2 residue 5 steric parameter
0.004582762355640094,CDR2 residue 7 steric parameter
0.0045788336112755484,FR3 residue 16 hydrophobicity
0.004501466677485032,CDR3 residue 10 volume
0.004425838988508843,FR3 residue 1 volume
0.004345653552107808,CDR3 residue 18 polarisability
0.004309512640445746,CDR1-CDR3 AAC-PSSM L
0.004308942490304249,FR3 residue 21 volume
0.0043036731796126755,FR3 residue 25 hydrophobicity
0.00429200521283964,FR3 AAC-PSSM F
0.0042871775046124366,CDR1 AAC-PSSM R
0.004280114843511267,CDR1 residue 7 sheet probability
0.004271360413568764,FR3 residue 3 isoelectric point
0.004267733033330648,CDR3 residue 14 steric parameter
0.004255396210847182,CDR3 residue 7 volume
0.004228652695014311,FR3 residue 14 sheet probability
0.0041826271403633515,FR2 residue 15 helix probability
0.004159860207080672,CDR3 residue 15 volume
0.004138349485865235,CDR3 residue 7 steric parameter
0.004113150364129059,CDR3 residue 18 volume
0.004100664272447372,FR2 AAC-PSSM Q
0.0040333426626409765,CDR1 residue 7 polarisability
0.004011158083157563,FR3 residue 30 isoelectric point
0.003963186778374308,FR2 AAC-PSSM E
0.003932839373480512,FR2 residue 2 volume
0.003904732671797588,CDR2 residue 8 sheet probability
0.0038758514935789933,CDR2 residue 8 polarisability
0.003813542319427074,FR2 residue 7 steric parameter
0.0038128968273445974,CDR3 residue 8 volume
0.0037630332521727244,FR2 residue 7 hydrophobicity
0.0037424251280717474,CDR3 residue 17 isoelectric point
0.0037396251125321523,CDR3 residue 13 isoelectric point
0.0036992852015421906,FR3 residue 16 isoelectric point
0.003656434850970177,CDR3 residue 5 polarisability
0.0036556666516828294,FR3 residue 1 steric parameter
0.003621345264684368,CDR3 residue 12 steric parameter
0.0036120804775139747,FR3 residue 12 steric parameter
0.0035364884961723866,CDR3 residue 2 hydrophobicity
0.003535071266428374,CDR3 residue 19 volume
0.003533798994528118,CDR3 residue 9 polarisability
0.003531856039457012,FR3 residue 14 isoelectric point
0.003475916886336852,FR2 residue 13 sheet probability
0.003471864894274438,FR2 residue 16 isoelectric point
0.0034705576670819543,FR3 AAC-PSSM W
0.003449148211027748,CDR1 AAC-PSSM K
0.003427225401434829,FR3 residue 4 volume
0.003391679832448479,CDR1 residue 7 hydrophobicity
0.0033644478521626564,CDR3 residue 15 steric parameter
0.0033591739752667424,CDR3 residue 12 helix probability
0.0033485541532890678,CDR3 residue 17 helix probability
0.0033277460396959366,FR2 residue 16 polarisability
0.0033203966135063974,CDR3 residue 10 polarisability
0.0033194801250377663,FR3 residue 24 sheet probability
0.0033120127072226763,FR2 residue 16 sheet probability
0.0032918528007506997,CDR3 residue 14 polarisability
0.003280761054829854,FR2 residue 8 volume
0.0032288711773193965,FR3 residue 16 volume
0.003206070709318068,CDR3 residue 17 sheet probability
0.0031974013262841537,FR3 residue 16 helix probability
0.0031949982175506794,CDR3 residue 11 polarisability
0.0031676958748471603,CDR3 residue 2 steric parameter
0.003152721856468494,FR2 residue 1 volume
0.003146189855320896,CDR3 residue 19 helix probability
0.0030963847642464988,CDR1 residue 5 steric parameter
0.0030708408573287124,CDR1 residue 3 helix probability
0.0030317176405125924,FR2 residue 1 hydrophobicity
0.0029983077092841535,CDR1 AAC-PSSM F
0.0029845258911887725,CDR2 residue 7 polarisability
0.002918401091062854,FR3 residue 30 helix probability
0.0028252029657865317,CDR1 residue 3 steric parameter
0.0028182185786654827,FR3 residue 19 helix probability
0.0028071177946668107,CDR2 residue 1 hydrophobicity
0.0028063516533726094,CDR3 residue 18 helix probability
0.0027653552767044286,CDR3 residue 18 isoelectric point
0.002746838507158269,FR2 residue 13 isoelectric point
0.002734780745458108,FR3 residue 4 hydrophobicity
0.0026859697212941345,CDR3 residue 16 sheet probability
0.0026600393913980575,FR2 residue 15 sheet probability
0.0026275581035614935,FR3 residue 27 isoelectric point
0.0026076644510876455,CDR1 residue 4 sheet probability
0.0025689001555396322,CDR3 residue 17 volume
0.0025479386954037593,FR3 residue 25 sheet probability
0.002546008843555959,FR3 residue 17 volume
0.0025414169812250885,CDR3 residue 12 volume
0.0025139568272991362,FR3 residue 30 volume
0.0024998534367275268,CDR1 residue 3 isoelectric point
0.0024969966196012553,FR3 AAC-PSSM T
0.002446134764168779,FR3 residue 31 isoelectric point
0.0024357001746456233,CDR2 residue 5 volume
0.002433843745912974,CDR3 residue 10 steric parameter
0.0024303644275543946,CDR1 residue 3 sheet probability
0.0024216609999316635,CDR1 residue 8 polarisability
0.0023927883922475477,FR3 residue 35 sheet probability
0.002384249980102954,CDR3 residue 13 sheet probability
0.002365377679939442,CDR2 residue 2 isoelectric point
0.0023626484557197802,CDR3 residue 16 steric parameter
0.002348806467390495,CDR3 residue 2 isoelectric point
0.002342839246314709,FR3 residue 30 polarisability
0.0023303748243813623,CDR2 residue 8 steric parameter
0.0023271049900676,CDR1 residue 8 volume
0.0022989080260756773,FR2 residue 7 isoelectric point
0.0022760548274125265,CDR3 residue 2 volume
0.002273407199900444,CDR2 residue 5 polarisability
0.0022728117039225166,CDR3 residue 8 polarisability
0.002272785834891964,CDR1 residue 5 sheet probability
0.002241802303876452,FR3 residue 19 sheet probability
0.0022316591320038254,CDR1 residue 5 helix probability
0.0022078785680150303,CDR3 residue 7 polarisability
0.0021912431428936165,CDR2 residue 7 helix probability
0.002187926239403637,CDR2 residue 6 volume
0.0021669718067314427,CDR1 residue 8 steric parameter
0.002150152621140256,FR3 residue 31 polarisability
0.0021015608470233947,CDR2 residue 6 polarisability
0.002100301170965515,FR3 AAC-PSSM P
0.002050742108404082,CDR1 AAC-PSSM I
0.0020464006002981158,FR3 residue 11 helix probability
0.0020451550186503025,FR2 residue 13 volume
0.002024073255866048,FR3 residue 14 steric parameter
0.0020236532259913145,CDR1 residue 5 hydrophobicity
0.0020147290732985637,CDR1 residue 5 isoelectric point
0.002002563856717891,FR2 residue 10 hydrophobicity
0.001991940744754132,FR2 residue 2 isoelectric point
0.001950234753148377,CDR3 residue 20 isoelectric point
0.0019351893867688506,CDR3 residue 20 sheet probability
0.0019029755718347806,FR2 AAC-PSSM Y
0.001902293291751844,CDR3 residue 17 steric parameter
0.0018975847027009184,FR2 residue 16 steric parameter
0.0018920765083732416,CDR3 residue 17 polarisability
0.001878211970501071,FR3 residue 12 volume
0.001867801453538348,FR2 residue 15 isoelectric point
0.0018659672414032516,FR3 residue 31 hydrophobicity
0.0018555977679936943,FR2 residue 11 sheet probability
0.0018147402681473466,CDR1 residue 7 steric parameter
0.001776862638485518,CDR3 residue 20 volume
0.0017452765161829241,FR2 residue 14 hydrophobicity
0.0017446661675932255,FR3 residue 21 polarisability
0.0017256177580776918,FR2 residue 14 volume
0.0017041854435986769,FR3 residue 1 helix probability
0.0016838252599003806,CDR3 residue 20 helix probability
0.0016779462349012448,FR2 residue 8 polarisability
0.0016726480263317234,FR2 residue 11 helix probability
0.0016624487324944537,FR3 residue 35 helix probability
0.0016348552681677928,FR3 residue 7 isoelectric point
0.0015858952180510134,FR2 residue 15 hydrophobicity
0.001575457016288511,CDR3 residue 13 polarisability
0.0015734408137252772,FR2 residue 7 sheet probability
0.0015633021097319823,FR2 residue 16 volume
0.0015546181708594054,CDR1 residue 4 isoelectric point
0.0015076378236723986,CDR3 residue 15 polarisability
0.0015064427039057156,FR3 residue 12 isoelectric point
0.0015020436420320673,FR2 residue 14 sheet probability
0.001482555342742415,FR2 residue 10 steric parameter
0.0014813258773164494,FR2 residue 1 helix probability
0.001480672649110786,CDR1 residue 6 helix probability
0.001468725333990061,FR3 residue 20 sheet probability
0.0014439778203838524,FR2 residue 11 volume
0.0014438936891761729,FR3 residue 28 sheet probability
0.0014369996053920616,CDR2 residue 10 isoelectric point
0.0013587925154536014,FR2 residue 1 sheet probability
0.0013549422111125715,CDR1 residue 4 helix probability
0.0013486936578917467,FR3 residue 12 sheet probability
0.0013465575242365857,FR3 residue 30 sheet probability
0.0013269279477183767,CDR1 residue 5 volume
0.0013227741249833358,CDR1 residue 4 volume
0.0013222322412052376,FR3 residue 21 hydrophobicity
0.0013110685712687219,CDR1 residue 3 hydrophobicity
0.0012566767960089434,CDR3 residue 21 hydrophobicity
0.0012381114557690053,FR3 residue 20 hydrophobicity
0.0012343081499592598,FR2 residue 13 polarisability
0.0012009812956189042,CDR1 residue 5 polarisability
0.0012000685645051138,FR3 residue 22 isoelectric point
0.0011951155551351853,CDR3 residue 23 hydrophobicity
0.0011948291136064054,FR3 residue 27 helix probability
0.0011813920872515773,FR3 residue 26 steric parameter
0.0011785171345197402,FR3 residue 31 helix probability
0.0011737959030359065,FR2 residue 9 sheet probability
0.001172712713886507,FR3 residue 21 isoelectric point
0.0011681689520294581,FR3 residue 29 steric parameter
0.0011485539139243282,CDR3 residue 21 steric parameter
0.0011340349202481476,FR2 residue 10 helix probability
0.001128376799899729,FR3 residue 12 hydrophobicity
0.0010616028234390418,FR3 residue 13 helix probability
0.001047883480757105,CDR2 residue 1 steric parameter
0.0010466649482824227,FR3 residue 26 polarisability
0.0010432452195627605,CDR3 residue 21 sheet probability
0.0010337305182351565,CDR3 residue 1 sheet probability
0.001033366871435752,FR2 residue 11 isoelectric point
0.0010271658047184236,CDR3 residue 23 sheet probability
0.0010152483531455103,CDR3 residue 12 polarisability
0.0010072249691869797,CDR3 residue 20 steric parameter
0.00099663630559764,FR3 residue 13 hydrophobicity
0.0009964073211763272,FR3 residue 28 steric parameter
0.000989745741779693,FR3 residue 26 helix probability
0.0009615600110822713,CDR3 residue 1 steric parameter
0.0009492413680507384,FR3 AAC-PSSM C
0.000948521981272688,CDR3 residue 21 isoelectric point
0.0009437253298513634,FR3 residue 20 isoelectric point
0.0009416051933743288,CDR3 residue 1 isoelectric point
0.0009235998363538349,FR2 residue 10 volume
0.0009203986389172097,FR3 residue 24 steric parameter
0.0008841659101906147,CDR3 residue 23 isoelectric point
0.0008521203077418265,FR3 residue 24 hydrophobicity
0.0008417307971195505,FR3 residue 8 sheet probability
0.0008345518915999738,CDR2 residue 1 sheet probability
0.0008273832790168084,CDR3 residue 2 sheet probability
0.0008170212152855559,FR3 residue 1 polarisability
0.0008163488348861276,CDR1 residue 4 steric parameter
0.0007749767272616376,FR3 residue 16 steric parameter
0.0007646216581597689,FR2 residue 9 steric parameter
0.000735116447873542,FR2 residue 9 helix probability
0.000733576929987922,FR3 residue 24 volume
0.0006908157123708336,CDR1 residue 6 polarisability
0.0006703685894451526,FR3 residue 29 polarisability
0.0006569957777861967,FR3 residue 30 hydrophobicity
0.0006539705258517874,FR2 residue 14 polarisability
0.0006225618268908029,FR3 residue 2 hydrophobicity
0.0006055993687685154,CDR3 residue 24 sheet probability
0.0006046154818859553,CDR3 residue 21 helix probability
0.0006009094026941362,FR3 residue 17 hydrophobicity
0.0005869997324281502,FR3 residue 20 polarisability
0.0005859471737857776,FR3 residue 29 isoelectric point
0.0005815944372793566,CDR3 residue 21 volume
0.0005749821319913251,FR3 residue 29 volume
0.0005672835670216118,CDR3 residue 1 helix probability
0.0005561458089143449,CDR2 residue 9 sheet probability
0.0005472689312728348,FR2 residue 9 volume
0.0005216172600845761,FR3 residue 29 hydrophobicity
0.0005175656563175658,CDR3 residue 22 hydrophobicity
0.0005131396395494365,CDR1 residue 4 hydrophobicity
0.00048670513946178656,FR3 residue 29 sheet probability
0.000477320607794436,CDR2 residue 1 helix probability
0.0004583019519813704,FR3 residue 2 volume
0.00045041179195775253,CDR3 residue 19 steric parameter
0.0004422790479756254,CDR2 residue 1 isoelectric point
0.00044151163414938763,CDR3 residue 22 helix probability
0.0004338776070825126,FR2 residue 2 polarisability
0.0004197013423597353,FR2 residue 10 polarisability
0.00040216829178721776,CDR2 residue 10 hydrophobicity
0.00040077246192970686,CDR2 residue 10 steric parameter
0.0003750844678106226,CDR3 residue 20 hydrophobicity
0.00036121026248770127,CDR2 residue 9 hydrophobicity
0.00036012656618074514,FR3 residue 12 polarisability
0.00035749465670266336,CDR3 residue 22 sheet probability
0.0003498789414797097,FR3 residue 29 helix probability
0.0003382279502477498,FR2 residue 13 steric parameter
0.0003374352209300288,FR2 residue 9 polarisability
0.000315089718264791,FR2 residue 8 sheet probability
0.0003085321466262178,FR3 residue 27 sheet probability
0.00029274931384609063,FR3 residue 25 polarisability
0.0002908363399963674,CDR3 residue 24 helix probability
0.0002831120541823448,CDR3 residue 23 volume
0.00027418711129761116,FR2 residue 14 helix probability
0.00027239126902280813,CDR2 residue 9 helix probability
0.00027110922430333557,FR2 residue 8 steric parameter
0.00026923557239245553,CDR3 residue 19 polarisability
0.0002658973508775089,FR2 residue 9 hydrophobicity
0.0002652647830729066,CDR3 residue 1 volume
0.00024542361190816296,CDR2 residue 9 volume
0.0002425127178181986,CDR3 residue 23 steric parameter
0.00024232687935071506,CDR2 residue 9 steric parameter
0.00022674261032517716,CDR3 residue 20 polarisability
0.00022127736788663828,CDR3 residue 22 steric parameter
0.00020694183243995693,FR2 residue 11 steric parameter
0.00018268139624813066,CDR3 residue 26 sheet probability
0.0001784584106793792,CDR3 residue 19 isoelectric point
0.0001761496168140583,FR2 residue 10 isoelectric point
0.00016534810079281756,CDR3 residue 22 volume
0.0001625126162503086,FR2 residue 10 sheet probability
0.00015903215136712446,CDR3 residue 1 hydrophobicity
0.00015311797415893966,FR3 residue 27 hydrophobicity
0.00014904272496423608,CDR2 residue 10 helix probability
0.00014850020982572055,CDR2 residue 10 sheet probability
0.00014698647599010626,FR3 residue 28 volume
0.0001304019509661667,FR3 residue 20 volume
0.0001257290659281289,FR3 residue 17 helix probability
0.00011848281330395563,CDR3 residue 23 polarisability
0.00011066293458613458,CDR3 residue 1 polarisability
0.00010227053567370276,FR2 residue 14 isoelectric point
0.00010082126997261824,FR2 residue 9 isoelectric point
9.66491279788137e-05,CDR1 residue 4 polarisability
8.949455345232441e-05,FR3 residue 10 helix probability
8.804620715179549e-05,CDR3 residue 25 isoelectric point
7.443001423069521e-05,CDR3 residue 25 sheet probability
0.0,CDR1 residue 11 hydrophobicity
0.0,FR2 residue 1 polarisability
0.0,CDR2 residue 1 volume
0.0,CDR2 residue 1 polarisability
0.0,CDR2 residue 9 isoelectric point
0.0,CDR2 residue 9 polarisability
0.0,CDR2 residue 10 volume
0.0,CDR2 residue 10 polarisability
0.0,FR3 residue 28 polarisability
0.0,CDR3 residue 2 polarisability
0.0,CDR3 residue 21 polarisability
0.0,CDR3 residue 22 isoelectric point
0.0,CDR3 residue 22 polarisability
0.0,CDR3 residue 23 helix probability
0.0,CDR3 residue 24 hydrophobicity
0.0,CDR3 residue 24 isoelectric point
0.0,CDR3 residue 24 steric parameter
0.0,CDR3 residue 24 volume
0.0,CDR3 residue 24 polarisability
0.0,CDR3 residue 25 helix probability
0.0,CDR3 residue 25 hydrophobicity
0.0,CDR3 residue 25 steric parameter
0.0,CDR3 residue 25 volume
0.0,CDR3 residue 25 polarisability
0.0,CDR3 residue 26 helix probability
0.0,CDR3 residue 26 hydrophobicity
0.0,CDR3 residue 26 isoelectric point
0.0,CDR3 residue 26 steric parameter
0.0,CDR3 residue 26 volume
